{"creatives":{"editorOpen":true,"editorSelection":0,"elements":[{"display":{"camel":"html","description":"A module for custom HTML injection that strips script tags.","name":"HTML"},"inputs":{"html":{"title":"HTML","type":"html","value":"<div class=\"et-content\">\n  <div class=\"carousel\">\n    <div class=\"carousel-cell\" id=\"carousel-cell-0\">\n      <div class=\"icon-container\">\n        <img src=\"icon_1.svg\" class=\"icon\"/>\n      </div>\n      <div class=\"text-container\">\n        <h5 class=\"carousel-header\">Welcome to E*TRADE</h5>\n        <p class=\"carousel-text\">Mange your accounts & invest in stocks, ETFs, mutual funds & options in our award-winning app</p>\n      </div>\n    </div>\n    <div class=\"carousel-cell\" id=\"carousel-cell-1\">\n      <div class=\"icon-container\">\n        <img src=\"icon_2.svg\" class=\"icon animated\"/>\n      </div>\n      <div class=\"text-container\">\n        <h5 class=\"carousel-header\">Instant Market Info</h5>\n        <p class=\"carousel-text\">View Bloomberg TV, independent research, breaking news and more…in real time</p>\n      </div>\n    </div>\n    <div class=\"carousel-cell\" id=\"carousel-cell-2\">\n      <div class=\"icon-container\">\n        <img src=\"icon_3.svg\" class=\"icon\"/>\n      </div>\n      <div class=\"text-container\">\n        <h5 class=\"carousel-header\">Simple to Manage</h5>\n        <p class=\"carousel-text\">Move cash quickly with Transfer Money, Check Deposit and Bill Pay</p>\n      </div>\n    </div>\n    <div class=\"carousel-cell\" id=\"carousel-cell-3\">\n      <div class=\"icon-container\">\n        <img src=\"icon_4.svg\" class=\"icon\"/>\n      </div>\n      <div class=\"text-container\">\n        <h5 class=\"carousel-header\">Easy Access</h5>\n        <p class=\"carousel-text\">Seamlessly and securely connect to the markets from anywhere</p>\n      </div>\n    </div>\n  </div>\n</div>\n\n<div class=\"et-footer\">\n  <a class=\"btn btn-primary btn-block\">Log on</a>\n  <a class=\"btn btn-primary-outline btn-block\">Open an account</a>\n</div>"}},"inputsAdvanced":{"classNames":{"title":"CSS Classes","tooltip":"You can add <a href=\"https://www.w3schools.com/cssref/sel_class.asp\" target=\"_blank\">CSS classes</a> to the element","type":"string","value":"et-body"}}}],"hasNewChanges":true},"editor":{"backgroundColor":"#FFFFFF","backgroundGradient":{"inputValues":["#FFFFFF","rgba(243,243,243,1)","75deg"],"value":"linear-gradient(75deg, #FFFFFF, rgba(243,243,243,1))"},"backgroundImage":"","backgroundType":"color","closeButton":{"alignment":"right","backgroundColor":"#333333","isActive":false},"creativeAlignment":"centered","creativeTitle":"et_aquisition_ipad_v1.1","css":"","drawerOpen":false,"fontSource":"google","javascript":"","selectedFont":"Montserrat"}}